name,email,profession,birthday,sentence
Gary Joseph,ku@ifabaraz.pl,Banker,Tue Apr 20 1993 04:20:47 GMT+0900 (대한민국 표준시),Megat fugegegu arloz gud vawfagu repgu awa pame dijfid heosepe lapbopvu lervit huk.
Winnie Tran,vosep@gumuh.pf,Union Representative,Tue May 15 1962 01:17:29 GMT+0900 (대한민국 표준시),Ubici ihize wuzlic vafwawi mebuezi lihniktej dev ijbu ajiiwva te zahbamo mowhoj ji tikvasom bomew to ko izu.
Teresa Hines,is@gad.gb,Rehabilitation Counselor,Sun Sep 25 1983 01:47:21 GMT+0900 (대한민국 표준시),Pulunra horivaba jaktemva hoc naucali wicakiwuh sumugehe ga nab kanfurito tojmo hogkisles fa cac mem fevaib.
Lucinda Briggs,don@one.na,Family Counselor,Sat Feb 04 1961 00:19:50 GMT+0830 (대한민국 표준시),Sos sasjom tin ju sos zob uve puvkuczit tafalwa jetiwwu mestapjig nomanek upodu gilpunpo jacnama weg uzagepe.
Cecilia Owen,jojlur@wosi.mx,Surveyor,Sun Jul 14 2002 10:07:26 GMT+0900 (대한민국 표준시),Orelipnez te tehkub ju civim ci macbajnu na wir tak dirjubawu nub.
Alejandro Curry,icuhoos@bo.ba,Clinical Research Assistant,Thu May 28 1981 10:35:25 GMT+0900 (대한민국 표준시),Atdegge gez zus dot oti cu va ze cezsah ejjot situv nenpe zus ho hen aldibrap katov.
Antonio Dunn,lusze@owlawje.co.uk,Nuclear Specialist,Tue Dec 21 1965 13:38:06 GMT+0900 (대한민국 표준시),Afha jemaweij jenek ni ziguso ce ipfidsub sarjipto aghec nunuoho ub timpik watag.
Connor Lawson,behde@jiv.na,Information Director,Mon Apr 15 1996 23:54:20 GMT+0900 (대한민국 표준시),Lezvanza fu ziizbo vide gapvobko jainules la aj le fer nikikic mo dedtosna ziwapo ovkihu reb.
Kate Cross,nawocvi@tepespul.ng,Manufacturing Director,Sun Jan 22 1989 16:18:54 GMT+0900 (대한민국 표준시),Ja veur bo soepi ci cosebik vate zoz bievso fa paof ka lasbabud nanoku zaipinu uggenal kege.
Owen Love,mieneimi@locac.pm,Environmental Engineer,Mon Mar 02 1998 09:21:38 GMT+0900 (대한민국 표준시),Noh wezkulnad ifu hoipe rawa amihota iwoh ucacihcu nekucta armem keh suv.
Betty Fields,roomi@teekdin.za,Family Counselor,Sat Mar 03 1979 13:59:15 GMT+0900 (대한민국 표준시),Jummek pokamu hav rakfu bovgokbo ifitagip moldu coki keb mu wez ludojeti ribi cu doiczoh geh at ucehaguw.
Russell Brock,simivfiw@re.cf,Electronics Engineer,Mon Mar 11 1974 21:44:07 GMT+0900 (대한민국 표준시),Digcun hatko napakev beggu hizubdo hed cep zifowma ulrijaz konhe zelcarar hujag.
Lida Fernandez,he@kopwaal.sc,Film Producer,Wed Jun 14 1972 21:08:21 GMT+0900 (대한민국 표준시),Awipawid jad icla nofiwo pifsa itojufez itu bi suvimze sebanoh uwaodga zionotez zaam pegu kig gebusaje odza.
Charles Taylor,cutawum@tipo.af,Investment Banker,Mon Mar 06 1995 17:39:13 GMT+0900 (대한민국 표준시),Pejvejocu unzaslor za uku fuvaf mez ju narsiwjip ba vimeba facrevju pum nuone arjaaj kid gabelu.
Lola Graham,tum@rotvivwac.bb,Manufacturing Director,Wed Nov 25 1987 23:58:26 GMT+0900 (대한민국 표준시),Guj fo vufap sazuzo vium rofaw cekhoj la bij luseni goudro geru pakicvi.
Keith Brady,bobebji@lisasac.ar,Program Manager,Tue May 06 1997 01:42:03 GMT+0900 (대한민국 표준시),Ukabepas meziw loz wedu bip risve cijfu bappicke befduw boril dacaha tu tes wupmevod eduvu sejnar ifikiso buupa.
Rena Green,tip@subima.sc,Academic Team,Wed Feb 06 1980 00:31:10 GMT+0900 (대한민국 표준시),Tesiwpu pozleztag mar tubsekil uzsanseb nuni mad lidetu vi kocci zim ejom dik mamho vimuvda wi da molwa.
Sylvia Chavez,zamdojago@zu.la,Health Therapist,Fri Jun 26 1959 14:00:40 GMT+0930 (대한민국 표준시),Tet boipdoj tascij lise puz pu kinur jek mom jornenho huffunmas zaj.
Mark Cain,idozid@sir.ph,Copyright Attorney,Fri Apr 28 1995 04:15:49 GMT+0900 (대한민국 표준시),Romjidkuk sutrozo sehhijtib uz cibviz paj jelegja allembi vaduvis jeba mojdediv verig.
Cecilia Garcia,zodwaon@ure.th,Lab Services Director,Mon Sep 30 1996 07:49:45 GMT+0900 (대한민국 표준시),Fakjor fulap ja hejzazha ewodiho mezbome geruf to wezwiim torlab kocboh pode sujmifviz.
Birdie Powell,wub@ughip.br,Fashion Events Manager,Sun Dec 02 1973 23:15:57 GMT+0900 (대한민국 표준시),Cagu peb jap zifja fuopi odi hoz dovizahom homho majdab ofoetu umesebi nufige fucin komcuaj otaze.
Katharine Zimmerman,omdok@fe.ad,Fine Artist,Thu Dec 15 1966 17:38:49 GMT+0900 (대한민국 표준시),Ebezewko ojzizi jaluf mez bubti re giza rogilot lic elowal hueh su nudkit bizuhru owibiv kegbedafu co bi.
Louise Massey,dawpoon@bap.ms,Glamour Photographer,Fri Jul 18 1986 09:32:42 GMT+0900 (대한민국 표준시),Ohho ru jasce somrid ato casifiko iwovel juweojo huchid gel sohhoror koc ofzevor je.
Della Bates,imijakaw@rothiavu.sg,Ceramic Engineer,Tue Jul 13 1993 16:03:38 GMT+0900 (대한민국 표준시),Osdoc juewwo lobugaw met nim cas el sum keno boagfa ewoojeut igih.
Noah Foster,hes@do.bd,Child Care Manager,Mon Apr 10 1967 10:57:45 GMT+0900 (대한민국 표준시),Lesuni ovi sinisu jujep co jozuw na cubpajal bit zugdooli fes eho ocmukuj havasi erla ti ranvo.
Susan Rodriguez,he@iha.cu,Nutritionist,Wed Mar 15 2000 15:40:53 GMT+0900 (대한민국 표준시),Ve ludim budbev izotal av gu jofab jaempi hepkejo sar dane uc.
Catherine Townsend,nowinbik@fa.ar,Insurance Adjuster,Tue Jun 17 2003 01:06:43 GMT+0900 (대한민국 표준시),Vikzitcu buti jid jojoz rajtohub bazas firaan up fadne hudetle ad kac pi kashen gelzavvid.
Harvey Barrett,derlog@gu.tj,Sociologist,Fri Feb 21 2003 23:09:55 GMT+0900 (대한민국 표준시),Ade zo eddib sebvebje mig ekepe nakow tavki jugjeofo muisejo cugsopi ewpo va sutwagi culubtu.
Adrian Bridges,we@judu.tv,Broadcaster,Fri Feb 17 1978 20:18:43 GMT+0900 (대한민국 표준시),Etonireh odlav on tujapeav niputi cazir ofrak uk fehropu zu get wo wufri om.
Marvin Long,nabacmof@ezume.cc,Manpower Planner,Wed Apr 06 1994 22:35:17 GMT+0900 (대한민국 표준시),Wunav wuvga nufnar nizofjo nolokire gakedgak sehicfo gakrof lugfoez icuegze cole nul rekaclu ca amuiguuhi.
Christopher Webster,cuvbogab@viza.se,Sales Manager,Wed Oct 09 1974 23:12:30 GMT+0900 (대한민국 표준시),Vicu sugiza garavbig apni red tijzeb rurjujne ekasel bububave cew gezero ripugge arazot fokwomrug logjudas wap widgiegi secevuse.
Agnes Reyes,lu@ciawijor.cy,Restaurant Manager,Sat Jul 02 1977 19:58:46 GMT+0900 (대한민국 표준시),Usitavi jov sakegfi get dujmipam durki wo ol dibozac es zaje lis umi rij jumgu ju.
Florence Woods,rogguhu@isi.ro,Telecom Analyst,Tue May 31 1977 13:45:49 GMT+0900 (대한민국 표준시),Wecuhha potsahu po tarebu lal oneret ga futama bu kikodof pobwi ojfinil sen.
Dennis Dixon,hurboggav@becuwe.uk,Advertising Director,Sun Jun 10 1990 09:30:35 GMT+0900 (대한민국 표준시),Lalpec bi boevuvo fu begapsip isacoh weg luiz hoatfi to mentah keilo pa eku mugil pajopeis kap re.
Martha Clayton,zauz@jedodto.ba,Agricultural Scientist,Mon Oct 02 1978 19:43:46 GMT+0900 (대한민국 표준시),Togake nejhusap imlen co ezsov jojfejriw oto ihzibe sip agje sil wanu bovilwe ofi ca.
Louisa Wilkerson,og@weh.eg,Editor,Thu Aug 27 1970 20:31:22 GMT+0900 (대한민국 표준시),Wapazi suvitzep uhkazsi bamzetco naj roh buicow liuv apvi fevefog bidmuhco visawha api opi.
Catherine Tucker,lel@oh.st,Fashion Merchandiser,Thu Aug 25 2005 05:58:13 GMT+0900 (대한민국 표준시),Dellib enutewku goagef igzusew revliv so gurton fepjiwav ete pus canmuve kevkouc kan.
Dora Wagner,ficif@ludi.gl,Fitness Consultant,Tue Oct 04 1960 08:26:26 GMT+0830 (대한민국 표준시),Gij ube fikzoza vu tane gib bamow wujkag vuk vucadura to olatki egzif geceoka ubivan bopdo.
Matthew Hunter,ibubu@uco.id,IT Architect,Sat Nov 06 1982 02:37:16 GMT+0900 (대한민국 표준시),Puhju ham anahiwwi fum ejolonpu tuhba atbe so egozi dickuih omu iteuwi dih.
Josie Garner,din@sej.pe,Stockbroker,Tue Apr 15 1975 01:28:04 GMT+0900 (대한민국 표준시),Relpuwow je ji zarabuwa araej riw sicap kulid gil ga muko gekhegfu.
Juan Green,do@dobjewo.bo,Lab Services Director,Sat Sep 17 1983 12:31:47 GMT+0900 (대한민국 표준시),Mevobag lica zunowe nizud pejig itulawvi ponefig hovlaip cu an koocius noh dih nuovraf sice za viisje buleb.
Lula Tate,ahehi@isicokwid.gg,Fashion Events Manager,Sun Jun 04 1967 08:34:24 GMT+0900 (대한민국 표준시),Hifow hi lijcag ojeohrev kum of kupela obiwowtel iz eke huvu zoapu.
Estella Peters,acmub@norike.jo,Health Therapist,Wed Feb 20 2002 06:40:41 GMT+0900 (대한민국 표준시),Rez duofo nim lahiz mulotfu zean tojinuw fevdur ba ga guvuwo ogibiz.
Lee Rivera,jaz@ka.pk,Speech Pathologist,Tue Jun 02 1970 05:18:37 GMT+0900 (대한민국 표준시),Du cacpo ozwawtap esmec fifib rovnugif wuzurcuk be na tael gumga bog rodjal kaji du.
Cecelia Greene,koiknov@afpivor.tm,New Product Manager,Fri Dec 24 1982 01:12:08 GMT+0900 (대한민국 표준시),Zaruj fanpadso ernavbe pemuziru rew ezisofol da suna bok gultaasu forocuda geda.
Brian Bowen,tetapdiv@pu.py,Medical Investor,Fri Jan 14 1966 22:58:05 GMT+0900 (대한민국 표준시),Mod oc beksih tuoc lugnikfu gi subewu ulfacra fene lowucaw efwo digvi fuorte.
Alan Fernandez,judo@minul.tf,Administrative Analyst,Fri Oct 16 1981 02:56:27 GMT+0900 (대한민국 표준시),Fevho onu ropav guvekkac marracul he abwiwfu wourci wezetwud meb buruv hijrevrof datsufan tunupga emuzacdec zuzurwep fogfepaji.
Mark Fox,zozkem@gobfuwgi.kp,Special Projects Director,Wed Sep 09 1998 10:01:55 GMT+0900 (대한민국 표준시),Sijoru ulosuza ezitif agumoaj vopce dem satujje uspuzca vug izaitvaw iziki se jup ubji mam.
Cornelia Moreno,vadevulo@zodo.tw,Office Manager,Wed May 14 1997 11:16:52 GMT+0900 (대한민국 표준시),Woteati orirovlo rep zugilla koc ga ofedeb co vuma jojbimaw uvocon vinotu kiwzu pijzupur.
Hilda McLaughlin,vuta@wutusoja.it,Clinical Research Assistant,Sun May 02 1982 00:43:01 GMT+0900 (대한민국 표준시),Pecudko nusjas pozwe hi opup kaghoj kac inekomi unve izo pelihfa afo lod ri nakikse edacaga.
Franklin Vasquez,gaiki@garazabo.gd,Software Developer,Thu Dec 19 1968 02:37:46 GMT+0900 (대한민국 표준시),Am ramriv fip welna kizlotve eguca ha tes tu iha eba jadas ohu ififil ehozaco hehib nepofe efe.
Roy Perez,ib@odcahe.kh,Operations Manager,Sun Oct 18 1987 02:13:03 GMT+0900 (대한민국 표준시),Ti leg bucler hiv bom hudpuw vo to in ke vuic paunapat.
Marvin Davis,wuhhiesu@wehroimu.fr,Building Inspector,Sun Nov 14 2004 13:07:31 GMT+0900 (대한민국 표준시),Mocjed bovubwe nu naba el kajgo keorizac mutdoju kob wij vecisavos coervu gu ofu.
Myrtle Collier,je@nibza.id,Warehouse Manager,Thu Oct 13 1983 12:45:27 GMT+0900 (대한민국 표준시),Iz nu dis bi jaflev awovir igeliere bu tamaj de tooneoz pe lavav curuim wisnejik oltikug kohef vumif.
Mittie Gregory,lotdi@vuzru.co.uk,Biomedical Engineer,Mon May 19 1969 10:55:35 GMT+0900 (대한민국 표준시),Nimonu wo heerza kuza ravminub epve ujuuperic puza anifub nudo upcuzo od gitu courwu ahu coribad ta bef.
Mabelle Stewart,puwliic@odwirelu.be,Industrial Engineer,Thu Dec 10 1981 03:27:30 GMT+0900 (대한민국 표준시),Eka mekuhbip ogconu hilhoptob odiesu japiwoda ceowvi co nah fivowtig bi waiwomi er wirkic nieku sufcalwov jo.
Rosalie Roy,juoh@ug.ie,Technical Support Specialist,Thu Nov 11 1971 22:10:13 GMT+0900 (대한민국 표준시),Kope tiwol hes mi tafa samborpo leeb uf kedop ja jegisipa enosakcuv delcivap onoinurob ipej.
Bessie Garcia,ad@raz.pn,Labor Relations Manager,Sat Sep 04 1976 05:25:40 GMT+0900 (대한민국 표준시),Avuotdo ino rutvekaz detiggu udjel he havegma hu nisewiz su fuwvudo bemsogeb ita lopjo.
Kathryn Graham,putzi@ojicuom.fj,Collections Manager,Mon Jan 20 1964 23:19:07 GMT+0900 (대한민국 표준시),Gedwo po ko luowiowo tabalaf onraefu ojocah asumelnu cawho gow ruguc bobe opa zibivmo.
Derek West,ristotok@pefda.vu,Managing Partner,Wed Oct 01 1997 22:49:39 GMT+0900 (대한민국 표준시),Cesvez uzgicur jusgut zolar fag winmena zavagoege depefbul jesategu gugvu ulifeitu deob mivahwev avuna kofeju bezoh.
Eva Wheeler,diris@odificu.is,Administrative Analyst,Wed Mar 03 2004 07:51:12 GMT+0900 (대한민국 표준시),Bitov pepig wajgohro sed ofzedod powegot ge govca kizuptoc eti ofaho kudaja hovni bonuc muwadat.
Dollie Martinez,wepel@gozih.mm,City Manager,Tue Jul 07 1992 17:37:05 GMT+0900 (대한민국 표준시),Mu bajri bu ig galej udusijaf icagul vuj ubu nuevbaw fuac za.
Bessie Freeman,pongazfok@wovhu.im,Vendor Relations Director,Fri Jul 21 2000 08:01:10 GMT+0900 (대한민국 표준시),Vijavir fu aj bilit kimjuma se sev ironat jeme ejiwo vot dez lodola kiba wuwvacu zuvub cebdagem kas.
Marie Long,igi@asru.im,Service Manager,Tue Jul 07 1998 20:28:52 GMT+0900 (대한민국 표준시),Fokov oggure fut kicti fov jiplobuh hovri rurtobuh sikeemu jazoninu uraf zuhor lappaj gubta ulami hulfuj biztuile zet.
Grace Burns,ise@hiw.io,Consumer Relations Manager,Sat Jan 05 1980 21:19:01 GMT+0900 (대한민국 표준시),Wime ekgo dehedup eveir hor elene co imair wabeze wombagu jefso resrut bu fecida ov fomwoj.
Leila Garrett,tomkincur@kitdutfa.kw,Interpreter,Tue Aug 05 1975 20:17:49 GMT+0900 (대한민국 표준시),Livre zir gejalu niftaj woruwur wekoci gagutni riinu udtaluf amzogi hehuso pos omokeva legodo upjeemo sufijhid peweno tafeav.
Jeff Gardner,fiitosek@dusup.kr,Commercial Artist,Wed Nov 02 1983 12:45:36 GMT+0900 (대한민국 표준시),Vedgukuc majuiw agkamu lewmepfil geepo tarsehzup tujeaku kahabbic azgagde roitute botewhen ep po bogahguk det raz vo aj.
Blake Lucas,dunebjom@ko.lt,Stockbroker,Sun Oct 13 1968 16:07:02 GMT+0900 (대한민국 표준시),Mo du gevosez vetotzet jucu ri wir towjotfu opumu nopneb litvam zolcib kesoshap haove vulgojmag.
Dean Cooper,leshif@itusulu.tn,Buyer,Wed Dec 07 1977 17:27:35 GMT+0900 (대한민국 표준시),Fu fasjo vahivdop wijagic va wuwozedac cehisepu momesu jar sikpa pod bugewci petigos.
Lois Hawkins,suegdi@jega.com,Personnel Specialist,Sun Nov 27 1966 01:10:25 GMT+0900 (대한민국 표준시),Delilkac luuv sehukfed uto neemkac dodukro buftaj wadomgun feldujsi re baw dipdo ha purefi fub panadzu.
Alma Garza,kug@ah.il,Systems Programmer,Sat Sep 09 2006 12:04:30 GMT+0900 (대한민국 표준시),Fuv uhokbam tu mowos mipgaplod mukeme bari gup ohelavnid luuh kojzas balwu lu.
Charlie Patterson,hopsideh@ki.bm,Microbiologist,Wed Nov 22 1972 08:17:27 GMT+0900 (대한민국 표준시),Izre binorvo jiwhes fogedmar juputaf ut riz pelil ul de cogewguw fi les jezegi cerwovpon kuv faznak unapaw.
Jeffrey Walton,muvzopdoz@wop.kr,Product Engineer,Mon May 26 1969 12:44:12 GMT+0900 (대한민국 표준시),Bewevub odoivozin wakejom zet oz gacneh nib cibo lachip cub mew jiguule levonbal.
John McCoy,tewawfe@fagana.kg,Ceramic Engineer,Sat Apr 13 2002 16:52:53 GMT+0900 (대한민국 표준시),Eteap istos si ni lalpiwa jeohu buk folto ugi musjavca zivipjuv abban cap bi.
Joshua Rogers,fi@mogo.fr,Meteorologist,Sun Mar 21 1976 06:09:59 GMT+0900 (대한민국 표준시),Ragvak epe ru rudomo luv umuih gura gas mizuta pujfiem tewcet samozba nin.
Lois Hopkins,hulla@tutkud.kh,Leasing Manager,Sun Jun 03 1990 05:40:39 GMT+0900 (대한민국 표준시),Ciz dak wan ni daisfup ze dosamabe hativa rufsifoh aro urrabaw mo.
Philip Santos,filak@kaazojub.nl,Political Analyst,Sun Nov 07 2004 22:23:29 GMT+0900 (대한민국 표준시),Co fudta cugeci pis luj fipwumi po muih geh cosocher tauvu buiz.
Charles Zimmerman,citlur@kuizuhep.al,Day Care Instructor,Sat Sep 10 1960 21:50:42 GMT+0930 (대한민국 표준시),Nafwowez ewjebuca men de dim dew tojtij tag donuzpol jukavuf bimek zaza ogo getrazdod mewoka.
Dominic Ray,il@zanofdi.vg,Strategic Planning Director,Thu Mar 24 1960 13:50:45 GMT+0830 (대한민국 표준시),Caetec diobsu no diunazav segmiw jowhod mul edgefi jevcassu er hoor cub rag elju vanir rivgug.
Henrietta Rogers,ar@lihosra.ec,Fast Food Manager,Sun Jul 07 1963 10:12:04 GMT+0900 (대한민국 표준시),Vugtuwguf miwocdo rozu fajo aciubiki kanadasi hilivo adva avimen afo muw udiufezi zofaz ategu epireb.
Isabel Barnett,te@igcawin.cx,Statistician,Thu Jun 11 1981 05:55:20 GMT+0900 (대한민국 표준시),Rumaku tehow tiv vilebi fimuuvo pumow vaglot se baeketic loige oda jukgokof vin pupokpep pi ova kentihu kific.
Ralph Barrett,fawu@gas.gp,Special Education Teacher,Sat May 18 2002 10:16:57 GMT+0900 (대한민국 표준시),Sible bo lihbunju jejmimnuh niz zud azbeme wisuruhi diuc peg siza guhbu ub eruspu detuji gozzedub diz.
Anthony Pena,limu@rezud.ss,Project Manager,Thu Sep 29 1983 09:22:17 GMT+0900 (대한민국 표준시),Tuk tepez avjo ivcat ildi gamim te natuf pamep du aj hopa ecovoazo gigbufal zek uha movhas.
Lenora Barnes,kuzjijwe@fujne.mo,Travel Agent,Sat May 20 2000 07:56:49 GMT+0900 (대한민국 표준시),Dibewal gahpu cejjuj gosaggi pad muzlasi ka fizrih odnovoh gak vovzimcaf ukpi uduohbe aba.
Lottie Knight,imdiv@sezi.mh,Labor Negotiator,Mon Jan 06 1986 22:20:55 GMT+0900 (대한민국 표준시),Si maswug po atokeda iw cipopa subiloih kijwujjo jagluruz luri wusuj cinne egoguk gop bimop jubfup ez.
Wayne Blake,lojipudo@ko.lc,Surveyor,Tue Nov 24 1970 17:08:52 GMT+0900 (대한민국 표준시),Uvcazgum ejcowsih mice gimecauz limmiud rotu nuc sife welzuw zez lo zowijuhu venabuco hizedod.
Blanche Mann,ji@vu.ly,Social Worker,Wed Jun 06 1973 09:56:22 GMT+0900 (대한민국 표준시),Owuva muh ed vih fomwi om tizhuep hootipo fippa anolom lod pudoemu ciwe ete avofuw gunu megog jekownip.
Oscar Bridges,tus@hehsumnad.to,Production Engineer,Fri May 30 1975 20:23:24 GMT+0900 (대한민국 표준시),Afetupupu lat he bicce rirwoho temon ikikajcis zopcoha ri kus jaakada lumof fe tiagjem.
Joshua McDaniel,ges@gipim.cn,Sales Manager,Sun Jan 01 1989 15:26:35 GMT+0900 (대한민국 표준시),Sut ap muse fi wog loj naunirep mavif ocij gaasako nizbuwbuj hamru hu bow zelcadi.
Tom Duncan,goz@en.eh,Construction Engineer,Thu Feb 23 1984 04:32:17 GMT+0900 (대한민국 표준시),Kegkehuh sud lighir hajizwiw kihmu humra iwo mag veh nufcijep ver kor.
Blanche Reeves,juphu@jevirjud.je,Chief Medical Officer,Fri Nov 22 1991 06:23:56 GMT+0900 (대한민국 표준시),Ac tiave iswun mo fil lidasibe gescak watna polun zader dusmegiz da odpifas firibog igi.
Scott Moran,wetufguk@coj.sl,Collections Manager,Fri Feb 25 2000 16:23:12 GMT+0900 (대한민국 표준시),Lefe ol zif mum hor isip niftel banve cevim bistab rupejura gizhe kepeziwu fo aso.
Adele Hammond,rurig@agdin.ly,Technical Writer,Fri Jul 11 2003 03:44:45 GMT+0900 (대한민국 표준시),Hocu gazotguf vezhu hi mioje uh wekcemu ik itabihi atebot er gule.
Ethan Spencer,ruime@uha.su,Marine Biologist,Fri Oct 08 1993 08:15:12 GMT+0900 (대한민국 표준시),Wuimu pipesvod buwilvip tiwe luf hozpiaz etcaku itkusotu ocudul pobup nu lolzo zucnechic vi.
Dennis Johnston,femol@sowe.ug,International Courier,Sat Jan 31 1998 10:29:36 GMT+0900 (대한민국 표준시),Neciva gapulugil gek bo tobra tod mi ucepappos ipo fiw pa soh hupacacek cen bejgegaz zicticow fasmad mighojor.
Anne Haynes,agevam@sufucra.np,Freelance Writer,Fri Jul 14 1967 23:47:23 GMT+0900 (대한민국 표준시),De peguw nuem milso zoju cot eca oto cuber hib ovinu gigejom ocizajaw vodwibam.
Sue Cohen,cuki@murieha.bm,Operations Research Director,Sat Jan 12 1980 02:22:02 GMT+0900 (대한민국 표준시),Li aho riekga assehen gabsi moesudu ni imelozfat ku alami nomrizuv revhofloh gocjos guwar.
Fanny Guzman,hudgin@ubema.ci,Environmental Analyst,Mon Jul 02 1973 06:12:01 GMT+0900 (대한민국 표준시),Fam ez iwi worto kirkanvi cekan avu ako wec iknile se ife jejpigi zofewdo pozisu nuz kuabge.
Scott Snyder,oroviwhu@mud.kp,Flight Attendant,Wed Mar 07 1973 05:51:24 GMT+0900 (대한민국 표준시),Hugu detat gamduro manat mumi hoafkoc dos raczicek aznu vor osafanak cuigemih ul.
Julia Hampton,ap@meizahan.ai,Strategic Alliance Director,Mon Jun 20 1960 05:10:32 GMT+0930 (대한민국 표준시),Eku lujit sawkomuw ihive tu gituj er rur rorina bujpumte lac sop teecarec.